order_id,date,customer,country,region,product,category,amount,status,latency_ms
1,2026-01-01,cust_01,France,Europe,Atlas,Enterprise,651.0,failed,190
2,2026-01-01,cust_08,Morocco,Africa,Beacon,Enterprise,269.0,failed,207
3,2026-01-02,cust_04,Germany,Europe,Cedar,Consumer,151.5,failed,203
4,2026-01-03,cust_07,Morocco,Africa,Atlas,Enterprise,351.0,success,136
5,2026-01-04,cust_10,Canada,North America,Cedar,Consumer,142.5,success,149
6,2026-01-04,cust_17,Germany,Europe,Delta,Consumer,143.5,success,166
7,2026-01-05,cust_13,France,Europe,Atlas,Enterprise,681.0,success,162
8,2026-01-06,cust_16,Germany,Europe,Cedar,Consumer,181.5,success,175
9,2026-01-07,cust_19,Morocco,Africa,Atlas,Enterprise,381.0,success,118
10,2026-01-07,cust_06,France,Europe,Beacon,Enterprise,554.0,failed,215
11,2026-01-08,cust_02,Canada,North America,Cedar,Consumer,172.5,failed,211
12,2026-01-09,cust_05,France,Europe,Atlas,Enterprise,711.0,failed,224
13,2026-01-10,cust_08,Germany,Europe,Cedar,Consumer,211.5,success,157
14,2026-01-10,cust_15,Canada,North America,Delta,Consumer,170.5,success,174
15,2026-01-11,cust_11,Morocco,Africa,Atlas,Enterprise,411.0,success,170
16,2026-01-12,cust_14,Canada,North America,Cedar,Consumer,120.0,success,113
17,2026-01-13,cust_17,France,Europe,Atlas,Enterprise,658.5,success,126
18,2026-01-13,cust_04,Morocco,Africa,Beacon,Enterprise,276.5,success,143
19,2026-01-14,cust_20,Germany,Europe,Cedar,Consumer,159.0,success,139
20,2026-01-15,cust_03,Morocco,Africa,Atlas,Enterprise,358.5,failed,232
21,2026-01-16,cust_06,Canada,North America,Cedar,Consumer,150.0,failed,245
22,2026-01-16,cust_13,Germany,Europe,Delta,Consumer,151.0,success,112
23,2026-01-17,cust_09,France,Europe,Atlas,Enterprise,688.5,success,178
24,2026-01-18,cust_12,Germany,Europe,Cedar,Consumer,189.0,success,121
25,2026-01-19,cust_15,Morocco,Africa,Atlas,Enterprise,388.5,success,134
26,2026-01-19,cust_02,France,Europe,Beacon,Enterprise,561.5,success,151
27,2026-01-20,cust_18,Canada,North America,Cedar,Consumer,180.0,success,147
28,2026-01-21,cust_01,France,Europe,Atlas,Enterprise,718.5,success,160
29,2026-01-22,cust_04,Germany,Europe,Cedar,Consumer,219.0,failed,253
30,2026-01-22,cust_11,Canada,North America,Delta,Consumer,178.0,failed,200
31,2026-01-23,cust_07,Morocco,Africa,Atlas,Enterprise,336.0,failed,196
32,2026-01-24,cust_10,Canada,North America,Cedar,Consumer,127.5,success,129
33,2026-01-25,cust_13,France,Europe,Atlas,Enterprise,666.0,success,142
34,2026-01-25,cust_20,Morocco,Africa,Beacon,Enterprise,284.0,success,159
35,2026-01-26,cust_16,Germany,Europe,Cedar,Consumer,166.5,success,155
36,2026-01-27,cust_19,Morocco,Africa,Atlas,Enterprise,366.0,success,168
37,2026-01-28,cust_02,Canada,North America,Cedar,Consumer,157.5,success,111
38,2026-01-28,cust_09,Germany,Europe,Delta,Consumer,158.5,failed,208
39,2026-01-29,cust_05,France,Europe,Atlas,Enterprise,696.0,failed,204
40,2026-01-30,cust_08,Germany,Europe,Cedar,Consumer,196.5,failed,217
41,2026-01-31,cust_11,Morocco,Africa,Atlas,Enterprise,396.0,success,150
42,2026-01-31,cust_18,France,Europe,Beacon,Enterprise,569.0,success,167
43,2026-02-01,cust_14,Canada,North America,Cedar,Consumer,187.5,success,198
44,2026-02-02,cust_17,France,Europe,Atlas,Enterprise,726.0,success,211
45,2026-02-03,cust_20,Germany,Europe,Cedar,Consumer,144.0,success,154
46,2026-02-03,cust_07,Canada,North America,Delta,Consumer,103.0,success,171
47,2026-02-04,cust_03,Morocco,Africa,Atlas,Enterprise,343.5,success,167
48,2026-02-05,cust_06,Canada,North America,Cedar,Consumer,135.0,failed,260
49,2026-02-06,cust_09,France,Europe,Atlas,Enterprise,673.5,failed,273
50,2026-02-06,cust_16,Morocco,Africa,Beacon,Enterprise,291.5,success,210
51,2026-02-07,cust_12,Germany,Europe,Cedar,Consumer,174.0,success,206
52,2026-02-08,cust_15,Morocco,Africa,Atlas,Enterprise,373.5,success,149
53,2026-02-09,cust_18,Canada,North America,Cedar,Consumer,165.0,success,162
54,2026-02-09,cust_05,Germany,Europe,Delta,Consumer,166.0,success,179
55,2026-02-10,cust_01,France,Europe,Atlas,Enterprise,703.5,success,175
56,2026-02-11,cust_04,Germany,Europe,Cedar,Consumer,204.0,success,188
57,2026-02-12,cust_07,Morocco,Africa,Atlas,Enterprise,403.5,failed,281
58,2026-02-12,cust_14,France,Europe,Beacon,Enterprise,576.5,failed,228
59,2026-02-13,cust_10,Canada,North America,Cedar,Consumer,195.0,failed,294
60,2026-02-14,cust_13,France,Europe,Atlas,Enterprise,651.0,success,157
61,2026-02-15,cust_16,Germany,Europe,Cedar,Consumer,151.5,success,170
62,2026-02-15,cust_03,Canada,North America,Delta,Consumer,110.5,success,187
63,2026-02-16,cust_19,Morocco,Africa,Atlas,Enterprise,351.0,success,183
64,2026-02-17,cust_02,Canada,North America,Cedar,Consumer,142.5,success,196
65,2026-02-18,cust_05,France,Europe,Atlas,Enterprise,681.0,success,209
66,2026-02-18,cust_12,Morocco,Africa,Beacon,Enterprise,299.0,failed,236
67,2026-02-19,cust_08,Germany,Europe,Cedar,Consumer,181.5,failed,232
68,2026-02-20,cust_11,Morocco,Africa,Atlas,Enterprise,381.0,failed,245
69,2026-02-21,cust_14,Canada,North America,Cedar,Consumer,172.5,success,178
70,2026-02-21,cust_01,Germany,Europe,Delta,Consumer,173.5,success,195
71,2026-02-22,cust_17,France,Europe,Atlas,Enterprise,711.0,success,191
72,2026-02-23,cust_20,Germany,Europe,Cedar,Consumer,211.5,success,204
73,2026-02-24,cust_03,Morocco,Africa,Atlas,Enterprise,411.0,success,147
74,2026-02-24,cust_10,France,Europe,Beacon,Enterprise,584.0,success,164
75,2026-02-25,cust_06,Canada,North America,Cedar,Consumer,120.0,success,160
76,2026-02-26,cust_09,France,Europe,Atlas,Enterprise,658.5,failed,253
77,2026-02-27,cust_12,Germany,Europe,Cedar,Consumer,159.0,failed,266
78,2026-02-27,cust_19,Canada,North America,Delta,Consumer,118.0,success,203
79,2026-02-28,cust_15,Morocco,Africa,Atlas,Enterprise,358.5,success,199
80,2026-03-01,cust_18,Canada,North America,Cedar,Consumer,150.0,success,272
81,2026-03-02,cust_01,France,Europe,Atlas,Enterprise,688.5,success,215
82,2026-03-02,cust_08,Morocco,Africa,Beacon,Enterprise,306.5,success,232
83,2026-03-03,cust_04,Germany,Europe,Cedar,Consumer,189.0,success,228
84,2026-03-04,cust_07,Morocco,Africa,Atlas,Enterprise,388.5,success,241
85,2026-03-05,cust_10,Canada,North America,Cedar,Consumer,180.0,failed,334
86,2026-03-05,cust_17,Germany,Europe,Delta,Consumer,181.0,failed,351
87,2026-03-06,cust_13,France,Europe,Atlas,Enterprise,718.5,failed,347
88,2026-03-07,cust_16,Germany,Europe,Cedar,Consumer,219.0,success,210
89,2026-03-08,cust_19,Morocco,Africa,Atlas,Enterprise,336.0,success,223
90,2026-03-08,cust_06,France,Europe,Beacon,Enterprise,509.0,success,240
91,2026-03-09,cust_02,Canada,North America,Cedar,Consumer,127.5,success,236
92,2026-03-10,cust_05,France,Europe,Atlas,Enterprise,666.0,success,249
93,2026-03-11,cust_08,Germany,Europe,Cedar,Consumer,166.5,success,262
94,2026-03-11,cust_15,Canada,North America,Delta,Consumer,125.5,failed,289
95,2026-03-12,cust_11,Morocco,Africa,Atlas,Enterprise,366.0,failed,285
96,2026-03-13,cust_14,Canada,North America,Cedar,Consumer,157.5,failed,298
97,2026-03-14,cust_17,France,Europe,Atlas,Enterprise,696.0,success,231
98,2026-03-14,cust_04,Morocco,Africa,Beacon,Enterprise,314.0,success,248
99,2026-03-15,cust_20,Germany,Europe,Cedar,Consumer,196.5,success,244
100,2026-03-16,cust_03,Morocco,Africa,Atlas,Enterprise,396.0,success,257
101,2026-03-17,cust_06,Canada,North America,Cedar,Consumer,187.5,success,270
102,2026-03-17,cust_13,Germany,Europe,Delta,Consumer,188.5,success,217
103,2026-03-18,cust_09,France,Europe,Atlas,Enterprise,726.0,success,213
104,2026-03-19,cust_12,Germany,Europe,Cedar,Consumer,144.0,failed,306
105,2026-03-20,cust_15,Morocco,Africa,Atlas,Enterprise,343.5,failed,319
106,2026-03-20,cust_02,France,Europe,Beacon,Enterprise,516.5,success,256
107,2026-03-21,cust_18,Canada,North America,Cedar,Consumer,135.0,success,252
108,2026-03-22,cust_01,France,Europe,Atlas,Enterprise,673.5,success,265
109,2026-03-23,cust_04,Germany,Europe,Cedar,Consumer,174.0,success,208
110,2026-03-23,cust_11,Canada,North America,Delta,Consumer,133.0,success,225
111,2026-03-24,cust_07,Morocco,Africa,Atlas,Enterprise,373.5,success,221
112,2026-03-25,cust_10,Canada,North America,Cedar,Consumer,165.0,success,234
113,2026-03-26,cust_13,France,Europe,Atlas,Enterprise,703.5,failed,327
114,2026-03-26,cust_20,Morocco,Africa,Beacon,Enterprise,321.5,failed,344
115,2026-03-27,cust_16,Germany,Europe,Cedar,Consumer,204.0,failed,340
116,2026-03-28,cust_19,Morocco,Africa,Atlas,Enterprise,403.5,success,273
117,2026-03-29,cust_02,Canada,North America,Cedar,Consumer,195.0,success,216
118,2026-03-29,cust_09,Germany,Europe,Delta,Consumer,196.0,success,233
119,2026-03-30,cust_05,France,Europe,Atlas,Enterprise,651.0,success,229
120,2026-03-31,cust_08,Germany,Europe,Cedar,Consumer,151.5,success,242
